-- MySQL dump 10.13  Distrib 5.5.23, for Win32 (x86)
--
-- Host: localhost    Database: mydb
-- ------------------------------------------------------
-- Server version	5.5.23

/*!40101 SET @OLD_CHARACTER_SET_CLIENT=@@CHARACTER_SET_CLIENT */;
/*!40101 SET @OLD_CHARACTER_SET_RESULTS=@@CHARACTER_SET_RESULTS */;
/*!40101 SET @OLD_COLLATION_CONNECTION=@@COLLATION_CONNECTION */;
/*!40101 SET NAMES utf8 */;
/*!40103 SET @OLD_TIME_ZONE=@@TIME_ZONE */;
/*!40103 SET TIME_ZONE='+00:00' */;
/*!40014 SET @OLD_UNIQUE_CHECKS=@@UNIQUE_CHECKS, UNIQUE_CHECKS=0 */;
/*!40014 SET @OLD_FOREIGN_KEY_CHECKS=@@FOREIGN_KEY_CHECKS, FOREIGN_KEY_CHECKS=0 */;
/*!40101 SET @OLD_SQL_MODE=@@SQL_MODE, SQL_MODE='NO_AUTO_VALUE_ON_ZERO' */;
/*!40111 SET @OLD_SQL_NOTES=@@SQL_NOTES, SQL_NOTES=0 */;

--
-- Table structure for table `cities`
--

DROP TABLE IF EXISTS `cities`;
/*!40101 SET @saved_cs_client     = @@character_set_client */;
/*!40101 SET character_set_client = utf8 */;
CREATE TABLE `cities` (
  `idcity` int(11) NOT NULL AUTO_INCREMENT,
  `name` varchar(45) NOT NULL,
  PRIMARY KEY (`idcity`)
) ENGINE=InnoDB AUTO_INCREMENT=4 DEFAULT CHARSET=utf8;
/*!40101 SET character_set_client = @saved_cs_client */;

--
-- Dumping data for table `cities`
--

LOCK TABLES `cities` WRITE;
/*!40000 ALTER TABLE `cities` DISABLE KEYS */;
INSERT INTO `cities` VALUES (1,'Vigo'),(2,'Santiago'),(3,'A Coruña');
/*!40000 ALTER TABLE `cities` ENABLE KEYS */;
UNLOCK TABLES;

--
-- Table structure for table `genders`
--

DROP TABLE IF EXISTS `genders`;
/*!40101 SET @saved_cs_client     = @@character_set_client */;
/*!40101 SET character_set_client = utf8 */;
CREATE TABLE `genders` (
  `idgender` int(11) NOT NULL AUTO_INCREMENT,
  `name` varchar(45) NOT NULL,
  PRIMARY KEY (`idgender`)
) ENGINE=InnoDB AUTO_INCREMENT=4 DEFAULT CHARSET=utf8;
/*!40101 SET character_set_client = @saved_cs_client */;

--
-- Dumping data for table `genders`
--

LOCK TABLES `genders` WRITE;
/*!40000 ALTER TABLE `genders` DISABLE KEYS */;
INSERT INTO `genders` VALUES (1,'Otros'),(2,'Mujer'),(3,'Hombre');
/*!40000 ALTER TABLE `genders` ENABLE KEYS */;
UNLOCK TABLES;

--
-- Table structure for table `languages`
--

DROP TABLE IF EXISTS `languages`;
/*!40101 SET @saved_cs_client     = @@character_set_client */;
/*!40101 SET character_set_client = utf8 */;
CREATE TABLE `languages` (
  `idlanguage` int(11) NOT NULL AUTO_INCREMENT,
  `name` varchar(45) NOT NULL,
  PRIMARY KEY (`idlanguage`)
) ENGINE=InnoDB AUTO_INCREMENT=4 DEFAULT CHARSET=utf8;
/*!40101 SET character_set_client = @saved_cs_client */;

--
-- Dumping data for table `languages`
--

LOCK TABLES `languages` WRITE;
/*!40000 ALTER TABLE `languages` DISABLE KEYS */;
INSERT INTO `languages` VALUES (1,'English'),(2,'Galelo'),(3,'Castellano');
/*!40000 ALTER TABLE `languages` ENABLE KEYS */;
UNLOCK TABLES;

--
-- Table structure for table `pets`
--

DROP TABLE IF EXISTS `pets`;
/*!40101 SET @saved_cs_client     = @@character_set_client */;
/*!40101 SET character_set_client = utf8 */;
CREATE TABLE `pets` (
  `idpet` int(11) NOT NULL AUTO_INCREMENT,
  `name` varchar(45) NOT NULL,
  PRIMARY KEY (`idpet`)
) ENGINE=InnoDB AUTO_INCREMENT=8 DEFAULT CHARSET=utf8;
/*!40101 SET character_set_client = @saved_cs_client */;

--
-- Dumping data for table `pets`
--

LOCK TABLES `pets` WRITE;
/*!40000 ALTER TABLE `pets` DISABLE KEYS */;
INSERT INTO `pets` VALUES (1,'gato'),(3,'tigre'),(4,'lobo'),(5,'leon'),(6,'lobo'),(7,'leon');
/*!40000 ALTER TABLE `pets` ENABLE KEYS */;
UNLOCK TABLES;

--
-- Table structure for table `users`
--

DROP TABLE IF EXISTS `users`;
/*!40101 SET @saved_cs_client     = @@character_set_client */;
/*!40101 SET character_set_client = utf8 */;
CREATE TABLE `users` (
  `iduser` int(11) NOT NULL AUTO_INCREMENT,
  `username` varchar(255) NOT NULL,
  `email` varchar(255) NOT NULL,
  `password` varchar(255) NOT NULL,
  `name` varchar(255) DEFAULT NULL,
  `lastname` varchar(255) DEFAULT NULL,
  `photo` varchar(255) DEFAULT NULL,
  `description` text,
  `bdate` date DEFAULT NULL,
  `created` timestamp NOT NULL DEFAULT CURRENT_TIMESTAMP,
  `updated` timestamp NULL DEFAULT NULL,
  `genders_idgender` int(11) NOT NULL,
  `cities_idcity` int(11) NOT NULL,
  PRIMARY KEY (`iduser`),
  UNIQUE KEY `username_UNIQUE` (`username`),
  UNIQUE KEY `email_UNIQUE` (`email`),
  KEY `fk_users_genders_idx` (`genders_idgender`),
  KEY `fk_users_cities1_idx` (`cities_idcity`),
  CONSTRAINT `fk_users_genders` FOREIGN KEY (`genders_idgender`) REFERENCES `genders` (`idgender`) ON DELETE NO ACTION ON UPDATE NO ACTION,
  CONSTRAINT `fk_users_cities1` FOREIGN KEY (`cities_idcity`) REFERENCES `cities` (`idcity`) ON DELETE NO ACTION ON UPDATE NO ACTION
) ENGINE=InnoDB AUTO_INCREMENT=4 DEFAULT CHARSET=utf8;
/*!40101 SET character_set_client = @saved_cs_client */;

--
-- Dumping data for table `users`
--

LOCK TABLES `users` WRITE;
/*!40000 ALTER TABLE `users` DISABLE KEYS */;
INSERT INTO `users` VALUES (1,'agustincl','agustincl@gmail.com','1234','Agustin','Calderon','photo.jpg','Lalala','2000-01-01','2014-02-19 12:02:59',NULL,1,1),(2,'sebastiancl','sebastian@gmail.com','1234','Sebastian','Calderon','photo2.jpg','Lololo','2000-01-01','2014-02-19 12:20:40',NULL,3,2),(3,'benajmincl','benjamin@gmail.com','1234','Benjamin','Calderon','photo3.jpg','Lelele','2000-01-01','2014-02-19 12:20:40',NULL,3,3);
/*!40000 ALTER TABLE `users` ENABLE KEYS */;
UNLOCK TABLES;

--
-- Table structure for table `users_has_languages`
--

DROP TABLE IF EXISTS `users_has_languages`;
/*!40101 SET @saved_cs_client     = @@character_set_client */;
/*!40101 SET character_set_client = utf8 */;
CREATE TABLE `users_has_languages` (
  `users_iduser` int(11) NOT NULL,
  `languages_idlanguage` int(11) NOT NULL,
  PRIMARY KEY (`users_iduser`,`languages_idlanguage`),
  KEY `fk_users_has_languages_languages1_idx` (`languages_idlanguage`),
  KEY `fk_users_has_languages_users1_idx` (`users_iduser`),
  CONSTRAINT `fk_users_has_languages_users1` FOREIGN KEY (`users_iduser`) REFERENCES `users` (`iduser`) ON DELETE NO ACTION ON UPDATE NO ACTION,
  CONSTRAINT `fk_users_has_languages_languages1` FOREIGN KEY (`languages_idlanguage`) REFERENCES `languages` (`idlanguage`) ON DELETE NO ACTION ON UPDATE NO ACTION
) ENGINE=InnoDB DEFAULT CHARSET=utf8;
/*!40101 SET character_set_client = @saved_cs_client */;

--
-- Dumping data for table `users_has_languages`
--

LOCK TABLES `users_has_languages` WRITE;
/*!40000 ALTER TABLE `users_has_languages` DISABLE KEYS */;
INSERT INTO `users_has_languages` VALUES (1,1),(1,2),(1,3);
/*!40000 ALTER TABLE `users_has_languages` ENABLE KEYS */;
UNLOCK TABLES;

--
-- Table structure for table `users_has_pets`
--

DROP TABLE IF EXISTS `users_has_pets`;
/*!40101 SET @saved_cs_client     = @@character_set_client */;
/*!40101 SET character_set_client = utf8 */;
CREATE TABLE `users_has_pets` (
  `users_iduser` int(11) NOT NULL,
  `pets_idpet` int(11) NOT NULL,
  PRIMARY KEY (`users_iduser`,`pets_idpet`),
  KEY `fk_users_has_pets_pets1_idx` (`pets_idpet`),
  KEY `fk_users_has_pets_users1_idx` (`users_iduser`),
  CONSTRAINT `fk_users_has_pets_users1` FOREIGN KEY (`users_iduser`) REFERENCES `users` (`iduser`) ON DELETE NO ACTION ON UPDATE NO ACTION,
  CONSTRAINT `fk_users_has_pets_pets1` FOREIGN KEY (`pets_idpet`) REFERENCES `pets` (`idpet`) ON DELETE NO ACTION ON UPDATE NO ACTION
) ENGINE=InnoDB DEFAULT CHARSET=utf8;
/*!40101 SET character_set_client = @saved_cs_client */;

--
-- Dumping data for table `users_has_pets`
--

LOCK TABLES `users_has_pets` WRITE;
/*!40000 ALTER TABLE `users_has_pets` DISABLE KEYS */;
INSERT INTO `users_has_pets` VALUES (1,1),(1,3),(2,3),(1,4);
/*!40000 ALTER TABLE `users_has_pets` ENABLE KEYS */;
UNLOCK TABLES;
/*!40103 SET TIME_ZONE=@OLD_TIME_ZONE */;

/*!40101 SET SQL_MODE=@OLD_SQL_MODE */;
/*!40014 SET FOREIGN_KEY_CHECKS=@OLD_FOREIGN_KEY_CHECKS */;
/*!40014 SET UNIQUE_CHECKS=@OLD_UNIQUE_CHECKS */;
/*!40101 SET CHARACTER_SET_CLIENT=@OLD_CHARACTER_SET_CLIENT */;
/*!40101 SET CHARACTER_SET_RESULTS=@OLD_CHARACTER_SET_RESULTS */;
/*!40101 SET COLLATION_CONNECTION=@OLD_COLLATION_CONNECTION */;
/*!40111 SET SQL_NOTES=@OLD_SQL_NOTES */;

-- Dump completed on 2014-02-19 13:55:34
